,name,salary_min,salary_max,salary_currency,salary_type,company_name,url,site
0,Инженер-строитель,50000.0,100000.0,руб.,net,ЭлектроКлуб,https://hh.ru/vacancy/45567850,hh.ru
1,Инженер в экспертный отдел,,,none,none,ООО Уральский центр промышленной безопасности,https://hh.ru/vacancy/45543010,hh.ru
2,Инженер КИПиА,,,none,none,ТОО Строительная компания Достык Вест,https://hh.ru/vacancy/45515608,hh.ru
3,Инженер-механик,,,none,none,ТОО Строительная компания Достык Вест,https://hh.ru/vacancy/45516998,hh.ru
4,Инженер по гидравлике (сервисный инженер),2100.0,,бел.руб.,net,ООО СИТИМОТОРС,https://hh.ru/vacancy/45533362,hh.ru
5,Инженер по эксплуатации,90000.0,100000.0,руб.,gross,ООО Каналсервис,https://hh.ru/vacancy/45490910,hh.ru
6,Инженер по тяговому электроприводу (сервисный инженер),2100.0,,бел.руб.,net,ООО СИТИМОТОРС,https://hh.ru/vacancy/45533536,hh.ru
7,Инженер Технических Служб,,,none,none,Аффилированные компании «Филип Моррис Интернэшнл» в России,https://hh.ru/vacancy/45466313,hh.ru
8,Сервисный инженер,50000.0,,руб.,gross,ООО Кубань Строй Снаб,https://hh.ru/vacancy/45464127,hh.ru
9,Инженер/ведущий инженер отдела инженерной подготовки,1000.0,,бел.руб.,net,УП Ремонтно-строительный трест Управления делами Президента Республики Беларусь,https://hh.ru/vacancy/45431177,hh.ru
10,Инженер ВЭС,300000.0,,руб.,net,ТОО Казгидро,https://hh.ru/vacancy/45474172,hh.ru
11,Сервисный инженер / Инженер-электронщик,150000.0,,руб.,net,ООО ИКС-Суппорт,https://hh.ru/vacancy/45261576,hh.ru
12,Инженер,90000.0,,руб.,net,АО Вектор-Бест,https://hh.ru/vacancy/44976505,hh.ru
13,Инженер-конструктор (техник),70000.0,,руб.,net,ООО ТД ДИАКОМ,https://hh.ru/vacancy/45486851,hh.ru
14,Инженер-электроник,100000.0,150000.0,руб.,net,ООО Сервисгазавтоматика,https://hh.ru/vacancy/45553305,hh.ru
15,Инженер-проектировщик,40000.0,75000.0,руб.,net,ООО GoodRain,https://hh.ru/vacancy/45454659,hh.ru
16,Инженер машиностроитель,50000.0,100000.0,руб.,gross,ПОБТ,https://hh.ru/vacancy/44860712,hh.ru
17,Инженер,92000.0,115000.0,руб.,gross,ООО НПЦ Трезор,https://hh.ru/vacancy/45318028,hh.ru
18,Инженер ПЭБ и ОТ,124000.0,124000.0,руб.,net,Intertek (Moody International),https://hh.ru/vacancy/45545452,hh.ru
19,Инженер,80000.0,120000.0,руб.,net,ООО Национальные Технологии,https://hh.ru/vacancy/42612013,hh.ru
20,Ведущий инженер,,150000.0,руб.,net,ООО ВиЭй сервисиз,https://hh.ru/vacancy/45122201,hh.ru
21,Ведущий инженер,,150000.0,руб.,net,ООО ВиЭй сервисиз,https://hh.ru/vacancy/45379032,hh.ru
22,Инженер участка,80000.0,,руб.,gross,ЗАО Раском,https://hh.ru/vacancy/45566928,hh.ru
23,Сервисный инженер,80000.0,110000.0,руб.,gross,ООО Пневмакс,https://hh.ru/vacancy/45555671,hh.ru
24,Главный инженер,,200000.0,руб.,net,ООО Управляющая компания Норд Эстейт,https://hh.ru/vacancy/44901120,hh.ru
25,Инженер-электрик,50000.0,70000.0,руб.,net,"ЗАО ЭНЕРГИЯ, НПП",https://hh.ru/vacancy/44923564,hh.ru
26,Инженер ПТО,70000.0,80000.0,руб.,net,ООО Технолог,https://hh.ru/vacancy/45314360,hh.ru
27,Вудущий инженер,87000.0,,руб.,gross,ЗАО Связьстройдеталь,https://hh.ru/vacancy/44771596,hh.ru
28,Инженер по наладке лазерного комплекса,80000.0,,руб.,net,ООО ЭТАЛОН-НЕФТЕГАЗСЕРВИС,https://hh.ru/vacancy/45337739,hh.ru
29,Инженер по организации эксплуатации и ремонту,35000.0,,руб.,gross,ООО Разуменское,https://hh.ru/vacancy/45443518,hh.ru
30,Ведущий инженер,,150000.0,руб.,net,ООО ВиЭй сервисиз,https://hh.ru/vacancy/45122200,hh.ru
31,Инженер по наладке и испытаниям,70000.0,,руб.,gross,ООО Промэнергосервис,https://hh.ru/vacancy/45391533,hh.ru
32,Инженер,,87000.0,руб.,net,АО Связьтранснефть,https://hh.ru/vacancy/45568131,hh.ru
33,Инженер-энергетик,50000.0,80000.0,руб.,gross,ООО Неолекс,https://hh.ru/vacancy/45576821,hh.ru
34,Инженер,106250.0,106250.0,руб.,gross,ГБПОУ «26 КАДР»,https://hh.ru/vacancy/42360944,hh.ru
35,Инженер ПСР,80000.0,,руб.,net,ООО Roin World S.L.,https://hh.ru/vacancy/45577446,hh.ru
36,Инженер производственного технического отдела ( в г. Симферополь),70000.0,,руб.,gross,АО Международный аэропорт Симферополь,https://hh.ru/vacancy/44970069,hh.ru
37,Инженер по организации эксплуатации и ремонту,60000.0,,руб.,gross,АО ХелиВерт,https://hh.ru/vacancy/45219869,hh.ru
38,Инженер АКЗ,95000.0,125000.0,руб.,net,ООО КОРРОКОУТ,https://hh.ru/vacancy/45536685,hh.ru
39,Инженер по метрологии,45000.0,75000.0,руб.,net,ООО Эффективное энергосбережение,https://hh.ru/vacancy/45336691,hh.ru
40,Инженер,,,none,none,АНО ДО Планета детства Лада,https://hh.ru/vacancy/45553181,hh.ru
41,Инженер по наладке и испытаниям (Медвеженская ВЭС),70000.0,,руб.,gross,ООО Промэнергосервис,https://hh.ru/vacancy/45396804,hh.ru
42,Инженер по организации эксплуатации и ремонту,35000.0,,руб.,gross,ООО Разуменское,https://hh.ru/vacancy/45443520,hh.ru
43,Инженер,70000.0,90000.0,руб.,gross,Ассоциация Разработчиков в Сфере Инноваций,https://hh.ru/vacancy/45226159,hh.ru
44,Инженер/Технический специалист,50000.0,,руб.,gross,ООО ЗАВОД ЛГВС,https://hh.ru/vacancy/44371620,hh.ru
45,Инженер по оборудованию,75000.0,120000.0,руб.,net,ООО ЧЕБУРЭК-СЕРВИС,https://hh.ru/vacancy/45111839,hh.ru
46,Инженер,65000.0,65000.0,руб.,net,Русджам Стеклотара Холдинг,https://hh.ru/vacancy/44913413,hh.ru
47,Инженер-конструктор,70000.0,70000.0,руб.,net,ООО Мегалайт,https://hh.ru/vacancy/44886165,hh.ru
48,Инженер по монтажу оборудования,60000.0,,руб.,net,ООО Инжиниринг-Строй-Комплекс,https://hh.ru/vacancy/45277897,hh.ru
49,Инженер по качеству электромонтажных работ,90000.0,,руб.,net,ООО Калькедон Строй,https://hh.ru/vacancy/45091470,hh.ru
50,Инженер по подготовке производства,70000.0,70000.0,руб.,gross,АО Подольские огнеупоры,https://hh.ru/vacancy/45439670,hh.ru
51,Инженер ТО,80500.0,80500.0,руб.,gross,"ЕКА, Топливная компания",https://hh.ru/vacancy/45188302,hh.ru
52,Инженер-пусконаладчик,80000.0,100000.0,руб.,net,АО НПК МЕДИАНА-ФИЛЬТР,https://hh.ru/vacancy/45250690,hh.ru
53,Авиационный инженер (Инжиниринговый Отдел/Engineering),70000.0,120000.0,руб.,net,ООО Аэромастер,https://hh.ru/vacancy/44968420,hh.ru
54,Инженер по подбору оборудования,50000.0,,руб.,gross,Вертро,https://hh.ru/vacancy/44844590,hh.ru
55,Инженер-дефектоскопист,40000.0,100000.0,руб.,net,ООО ИТР,https://hh.ru/vacancy/45172492,hh.ru
56,Инженер,50000.0,,руб.,gross,ООО Асгард,https://hh.ru/vacancy/45410756,hh.ru
57,Инженер (Китай),150000.0,,руб.,net,ООО Константа,https://hh.ru/vacancy/43321648,hh.ru
58,Инженер-акустик / Инженер-эколог,35000.0,45000.0,руб.,net,ООО Энвиро,https://hh.ru/vacancy/45506029,hh.ru
59,Главный инженер,100000.0,,руб.,net,ООО ПРОМСТРОЙКОНТРАКТ,https://hh.ru/vacancy/45278506,hh.ru
60,Инженер технического отдела,35000.0,45000.0,руб.,net,ООО Строительные системы,https://hh.ru/vacancy/44941890,hh.ru
61,Инженер ППР,,,none,none,АО ОМУС-1,https://hh.ru/vacancy/44976388,hh.ru
62,Инженер,40000.0,75000.0,руб.,net,ООО АРМСЕРВИС,https://hh.ru/vacancy/45048885,hh.ru
63,Инженер производственно-технического отдела,90000.0,100000.0,руб.,net,ООО ПрофГазСтрой,https://hh.ru/vacancy/45503404,hh.ru
64,Инженер,40000.0,45000.0,руб.,gross,ЗАО Магнитогорский центр технической экспертизы,https://hh.ru/vacancy/45551792,hh.ru
65,Инженер производственного технического отдела ( в г. Симферополь),70000.0,,руб.,gross,АО Международный аэропорт Симферополь,https://hh.ru/vacancy/44970073,hh.ru
66,Инженер систем электропитания,,,none,none,ТОО МЭК-Астана,https://hh.ru/vacancy/45515546,hh.ru
67,Инженер-механик,70000.0,80000.0,руб.,gross,ООО Хендэ Инжиниринг Рус,https://hh.ru/vacancy/45564305,hh.ru
68,Инженер-проектировщик,1537.0,3075.0,бел.руб.,gross,Компания Электровектор,https://hh.ru/vacancy/45084487,hh.ru
69,Инженер по нормативно-технической документации (НТД),67600.0,,руб.,gross,БИК-Информ,https://hh.ru/vacancy/45140721,hh.ru
70,Ведущий инженер,50000.0,100000.0,руб.,gross,ООО РСК,https://hh.ru/vacancy/45216313,hh.ru
71,Инженер производственного технического отдела ( в г. Симферополь),70000.0,,руб.,gross,АО Международный аэропорт Симферополь,https://hh.ru/vacancy/44970076,hh.ru
72,Инженер,,,none,none,ООО Челленджер,https://hh.ru/vacancy/40971063,hh.ru
73,Инженер,60000.0,100000.0,руб.,gross,A5000 Event Solutions,https://hh.ru/vacancy/45281070,hh.ru
74,Главный инженер (газовая сфера),70000.0,,руб.,net,ООО Газтехносервис,https://hh.ru/vacancy/44889435,hh.ru
75,Инженер по подбору насосного оборудования,,,none,none,Промхимтех,https://hh.ru/vacancy/45439687,hh.ru
76,Инженер по эксплуатации,,,none,none,Yummi Co LLC,https://hh.ru/vacancy/45056511,hh.ru
77,Инженер по наладке и испытаниям,40000.0,,руб.,net,ООО Байкал,https://hh.ru/vacancy/45453247,hh.ru
78,Инженер-метролог,,92500.0,руб.,gross,АО Усть-Луга Ойл,https://hh.ru/vacancy/45184772,hh.ru
79,Инженер-метролог,200000.0,,KZT,gross,ТОО Эйжа Стил Пайп Корпорейшн,https://hh.ru/vacancy/45454484,hh.ru
80,Инженер АСДУ,,,none,none,КРОК,https://hh.ru/vacancy/45526982,hh.ru
81,Инженер-метролог,,,none,none,ООО Фирма ОРГРЭС,https://hh.ru/vacancy/44992703,hh.ru
82,Инженер производственного отдела,41706.0,82124.0,руб.,net,МС сервис,https://hh.ru/vacancy/44825035,hh.ru
83,Инженер по эксплуатации,,50000.0,руб.,gross,"Гостиница Орбита, филиал АО ГК Славянка",https://hh.ru/vacancy/45464989,hh.ru
84,Инженер-электроник,63250.0,,руб.,gross,ООО НПК Дельта-Тест,https://hh.ru/vacancy/45459093,hh.ru
85,Сервисный инженер,,,none,none,Konica Minolta,https://hh.ru/vacancy/45253985,hh.ru
86,Инженер технического отдела,1300.0,3000.0,бел.руб.,net,ЗАО АЛЬБИОН ГРУПП,https://hh.ru/vacancy/45481758,hh.ru
87,Инженер-электроник,40000.0,45000.0,руб.,net,ООО КАМА-Энергетика,https://hh.ru/vacancy/45503064,hh.ru
88,Инженер CAMI,,,none,none,"Formel D Group, Russland",https://hh.ru/vacancy/45518378,hh.ru
89,Инженер,,70000.0,руб.,net,ООО ОРИМИ ТРЭЙД,https://hh.ru/vacancy/45480130,hh.ru
90,Инженер-технолог (механик - проектировщик),,,none,none,ООО ИСМ,https://hh.ru/vacancy/45541527,hh.ru
91,Инженер-технолог,60000.0,,руб.,gross,ЕвроЛюкс Групп,https://hh.ru/vacancy/45273004,hh.ru
92,Инженер,,90000.0,руб.,net,Группа компаний «Армада»,https://hh.ru/vacancy/45283151,hh.ru
93,Инженер приводной техники,40300.0,,руб.,gross,ООО СЗЭМО Электродвигатель,https://hh.ru/vacancy/44811175,hh.ru
94,Инженер,,,none,none,ООО Лайфтех,https://hh.ru/vacancy/45559410,hh.ru
95,Сервисный инженер,50000.0,100000.0,руб.,net,ООО СИМАС ИнтерЛаб,https://hh.ru/vacancy/45054872,hh.ru
96,Инженер-электрик,35000.0,,руб.,gross,ООО ЮгЭнергоРесурс,https://hh.ru/vacancy/45479872,hh.ru
97,Инженер КИП и А,40000.0,,руб.,net,ООО ПромТехЭнерго,https://hh.ru/vacancy/45272548,hh.ru
98,Инженер АСУТП,,,none,none,ЗАО Точка Опоры Промэлектросвет,https://hh.ru/vacancy/45544319,hh.ru
99,Инженер по наладке и испытаниям,,,none,none,ООО ПК Электроконцепт,https://hh.ru/vacancy/45551048,hh.ru
100,Инженер производственного технического отдела ( в г. Симферополь),70000.0,,руб.,gross,АО Международный аэропорт Симферополь,https://hh.ru/vacancy/44970072,hh.ru
101,Инженер отдела инжиниринга систем управления (инженер-проектировщик),40000.0,,руб.,net,ООО Тюмень Прибор,https://hh.ru/vacancy/45047624,hh.ru
102,Инженер-технолог,26000.0,,руб.,gross,ЭлекКом Логистик,https://hh.ru/vacancy/45552125,hh.ru
103,Сервисный инженер (инженер электронщик),60000.0,100000.0,руб.,net,N-Power,https://hh.ru/vacancy/44645613,hh.ru
104,Инженер,,,none,none,Билайн,https://hh.ru/vacancy/45520507,hh.ru
105,Инженер РТО,40000.0,,руб.,gross,Агропромышленный холдинг Дороничи,https://hh.ru/vacancy/45542479,hh.ru
106,Инженер по наладке и испытаниям / Сервис-инженер,60000.0,,руб.,net,Rineco Group,https://hh.ru/vacancy/45101237,hh.ru
107,Инженер,60000.0,,руб.,net,"Эмис, ГК",https://hh.ru/vacancy/43874582,hh.ru
108,Инженер РЭА,,90000.0,руб.,net,АО Телеофис,https://hh.ru/vacancy/45180837,hh.ru
109,Инженер ОТК,200000.0,250000.0,KZT,net,ТОО Автоматические Котлы,https://hh.ru/vacancy/45254837,hh.ru
110,Инженер-технолог/инженер-механик (судовой механик),,,none,none,АО Петербургский нефтяной терминал,https://hh.ru/vacancy/45085794,hh.ru
111,Инженер- техник (г. Ноябрьск),50000.0,,руб.,net,ООО БОРГА ГРУПП,https://hh.ru/vacancy/45359640,hh.ru
112,Инженер по наладке и испытаниям электрооборудования в ЭТЛ,,,none,none,ООО Фирма ОРГРЭС,https://hh.ru/vacancy/44992718,hh.ru
113,Инженер производственного технического отдела ( в г. Симферополь),70000.0,,руб.,gross,АО Международный аэропорт Симферополь,https://hh.ru/vacancy/44970081,hh.ru
114,Инженер по техническому обслуживанию,,,none,none,Konecranes ( Конекрейнс ),https://hh.ru/vacancy/44283140,hh.ru
115,Инженер ПТГ,90000.0,100000.0,руб.,gross,АО ЛЕНГАЗСПЕЦСТРОЙ,https://hh.ru/vacancy/45489085,hh.ru
116,Инженер/Инженер путей сообщения (Инженер-мостовик),60000.0,,руб.,net,ООО Дорнадзор,https://hh.ru/vacancy/44882268,hh.ru
117,Инженер по подготовке производства,35000.0,,руб.,net,ООО ВМБ Хайтек,https://hh.ru/vacancy/45141258,hh.ru
118,Инженер,70000.0,80000.0,руб.,net,ГКУ ЯНАО Ямалтехэнергоконтроль,https://hh.ru/vacancy/41444089,hh.ru
119,Инженер-электроник,1400.0,,бел.руб.,gross,"ЛеанГрупп,ООО",https://hh.ru/vacancy/44648887,hh.ru
120,Инженер производственно-технического отдела / Инженер ПТО,90000.0,,руб.,gross,Першиков Роман,https://hh.ru/vacancy/44933551,hh.ru
121,Инженер,55000.0,60000.0,руб.,net,КГАУ Информационно-технологический центр Камчатского края,https://hh.ru/vacancy/38997970,hh.ru
122,Инженер отдела КНС и ОС,50000.0,,руб.,net,ООО ПК Поли-Групп,https://hh.ru/vacancy/44253507,hh.ru
123,Ведущий инженер ТМО,75000.0,,руб.,net,ООО Комплексные энергетические решения,https://hh.ru/vacancy/45060719,hh.ru
124,Инженер производственного технического отдела (г. Симферополь),70000.0,,руб.,gross,АО Международный аэропорт Симферополь,https://hh.ru/vacancy/44970121,hh.ru
125,Инженер-проектировщик СЗЗ,30000.0,40000.0,руб.,net,ООО ИЛ ПРОТОН,https://hh.ru/vacancy/45223585,hh.ru
126,Инженер,65000.0,70000.0,руб.,net,АО Эн-Системс,https://hh.ru/vacancy/45317141,hh.ru
127,Инженер по сопровождению САПР,,60000.0,руб.,net,"СиСофт, (CSoft)",https://hh.ru/vacancy/45221777,hh.ru
128,Инженер,,,none,none,ООО Аквилон ЛТД,https://hh.ru/vacancy/45415098,hh.ru
129,Инженер,150000.0,,KZT,gross,ТОО Управляющая компания Казмедиа орталыгы (АстанаМедиаЦентр),https://hh.ru/vacancy/45474832,hh.ru
130,Инженер производственного технического отдела ( в г. Симферополь),70000.0,,руб.,gross,АО Международный аэропорт Симферополь,https://hh.ru/vacancy/44970074,hh.ru
131,Инженер производственного технического отдела (г. Симферополь),70000.0,,руб.,gross,АО Международный аэропорт Симферополь,https://hh.ru/vacancy/44970124,hh.ru
132,Инженер по оборудованию,64000.0,,руб.,net,ОАО Хлебпром,https://hh.ru/vacancy/44116841,hh.ru
133,Инженер-электрик/Инженер-энергетик,,,none,none,ООО СтройКонтактСеть,https://hh.ru/vacancy/45518271,hh.ru
134,Инженер технической службы,,,none,none,ООО Мангуста Пласт,https://hh.ru/vacancy/44921079,hh.ru
135,Инженер по наладке и испытаниям,60000.0,70000.0,руб.,net,АО НПК МЕДИАНА-ФИЛЬТР,https://hh.ru/vacancy/45251470,hh.ru
136,Инженер по эксплуатации,,,none,none,ООО ФармЛайн,https://hh.ru/vacancy/45318176,hh.ru
137,Инженер технического отдела,50000.0,55000.0,руб.,net,ГК Расцветай,https://hh.ru/vacancy/44926218,hh.ru
138,Технический специалист / Инженер,50000.0,50000.0,руб.,gross,ООО Инфотек Флекс,https://hh.ru/vacancy/44862516,hh.ru
139,Инженер пусконаладочных работ,50000.0,,руб.,gross,Группа Компаний Стилсофт,https://hh.ru/vacancy/45081024,hh.ru
140,Инженер производственно-технического отдела,75000.0,,руб.,net,ООО Уралавтоматика,https://hh.ru/vacancy/45561222,hh.ru
141,Инженер по наладке и испытаниям,55000.0,,руб.,gross,ООО НИИЭФА-ЭНЕРГО,https://hh.ru/vacancy/45359816,hh.ru
142,Инженер ПТО/инженер СДО,1100.0,,бел.руб.,net,ОАО филиал МСУ ОАО Стройтрест №35,https://hh.ru/vacancy/45133844,hh.ru
143,Инженер производственного технического отдела (г. Симферополь),70000.0,,руб.,gross,АО Международный аэропорт Симферополь,https://hh.ru/vacancy/44970120,hh.ru
144,Инженер,,,none,none,АО НИИЭФА им. Д.В. Ефремова,https://hh.ru/vacancy/45494118,hh.ru
145,Инженер OMNICOMM,80000.0,90000.0,руб.,net,ООО Велесстрой,https://hh.ru/vacancy/44949264,hh.ru
146,Инженер производственного технического отдела ( в г. Симферополь),70000.0,,руб.,gross,АО Международный аэропорт Симферополь,https://hh.ru/vacancy/44970077,hh.ru
147,Инженер,35000.0,40000.0,руб.,net,ООО Газэнергострой,https://hh.ru/vacancy/45503192,hh.ru
148,Инженер OMNICOMM,80000.0,90000.0,руб.,net,ООО Велесстрой,https://hh.ru/vacancy/44949272,hh.ru
149,Инженер производственного технического отдела (в г. Симферополь),70000.0,,руб.,gross,АО Международный аэропорт Симферополь,https://hh.ru/vacancy/44976823,hh.ru
150,Инженер,,,none,none,Layher,https://hh.ru/vacancy/45420091,hh.ru
151,Инженер,50000.0,,руб.,gross,ПАО Псковский завод механических приводов,https://hh.ru/vacancy/45567990,hh.ru
152,Инженер,,,none,none,ООО Eurostyle Systems Klin,https://hh.ru/vacancy/44831303,hh.ru
153,Инженер,55000.0,,руб.,net,ООО ВостСибГарант,https://hh.ru/vacancy/43878122,hh.ru
154,Инженер электроизмерительной лаборатории,60000.0,70000.0,руб.,net,ООО ЭлектроЗамер,https://hh.ru/vacancy/45029473,hh.ru
155,Инженер по организации строительства (электрика),,,none,none,группа компаний Метафракс,https://hh.ru/vacancy/45373926,hh.ru
156,Инженер,,,none,none,ПАО Трубная Металлургическая Компания,https://hh.ru/vacancy/45536043,hh.ru
157,Инженер,60000.0,75000.0,руб.,gross,Металлопродукция,https://hh.ru/vacancy/39868677,hh.ru
158,Инженер по метрологии/Инженер КИПиА,35000.0,,руб.,net,Коломенский филиал ФБУ Ростест-Москва,https://hh.ru/vacancy/44679873,hh.ru
159,Инженер по наладке и испытаниям (УТОиР),,,none,none,СП КАТКО,https://hh.ru/vacancy/44892361,hh.ru
160,Инженер,58000.0,58000.0,руб.,gross,HRT Group,https://hh.ru/vacancy/45462672,hh.ru
161,Инженер,100000.0,,руб.,net,ООО Новый Арматурный Завод,https://hh.ru/vacancy/44904599,hh.ru
162,Инженер по спектральному анализу,40000.0,55000.0,руб.,net,ЗАО Спектральная лаборатория,https://hh.ru/vacancy/45158966,hh.ru
163,Инженер,80000.0,80000.0,руб.,net,Ассоциация управляющих многоквартирными домами Основа,https://hh.ru/vacancy/45365536,hh.ru
164,Инженер,115000.0,,руб.,gross,ГМЦ Росстата,https://hh.ru/vacancy/43809118,hh.ru
165,Инженер,60000.0,,руб.,gross,ДОМЖИЛСЕРВИС,https://hh.ru/vacancy/45457381,hh.ru
166,Инженер-технолог(водоподготовка),80000.0,,руб.,net,BWT,https://hh.ru/vacancy/44805212,hh.ru
167,Инженер-технолог,,,none,none,Завод коммерческого транспорта «Рускомтранс»,https://hh.ru/vacancy/45067493,hh.ru
168,Инженер,47000.0,,руб.,net,ANCOR,https://hh.ru/vacancy/45131738,hh.ru
169,Инженер OMNICOMM,80000.0,90000.0,руб.,net,ООО Велесстрой,https://hh.ru/vacancy/44949271,hh.ru
170,Инженер,,,none,none,ООО АВТОТЕХИНМАШ,https://hh.ru/vacancy/45532785,hh.ru
171,Инженер по автоматизации,,,none,none,Essity,https://hh.ru/vacancy/45178788,hh.ru
172,Инженер,,,none,none,АО Невские берега,https://hh.ru/vacancy/45271181,hh.ru
173,Инженер,64000.0,,руб.,net,ОАО Хлебпром,https://hh.ru/vacancy/44718379,hh.ru
174,Инженер I категории,,,none,none,ООО Газпром переработка,https://hh.ru/vacancy/44650691,hh.ru
175,Инженер-проектировщик,45000.0,,руб.,net,ООО Севертехпроект,https://hh.ru/vacancy/44576303,hh.ru
176,"Инженер СМР, ПНР, ШМР, АСУТП",80000.0,,руб.,net,ООО Химмаш-Аппарат,https://hh.ru/vacancy/45175558,hh.ru
177,Инженер по настройке и испытаниям,,,none,none,АО Институт Авиационного Приборостроения Навигатор,https://hh.ru/vacancy/44782605,hh.ru
178,Инженер производственного отдела,50000.0,50000.0,руб.,net,ООО СП ПЭНТ,https://hh.ru/vacancy/44986698,hh.ru
179,Инженер,50000.0,80000.0,руб.,gross,ВИДЖО,https://hh.ru/vacancy/44896587,hh.ru
180,Инженер,60000.0,,руб.,net,ФГБУ Рослесинфорг,https://hh.ru/vacancy/45539735,hh.ru
181,Инженер,50000.0,85000.0,руб.,net,ООО ИТГ,https://hh.ru/vacancy/45444483,hh.ru
182,Инженер,,,none,none,ООО Соллерс Форд,https://hh.ru/vacancy/45152395,hh.ru
183,Инженер-электронщик (инженер-электроник),40000.0,60000.0,руб.,net,ООО ТЕСЛАЙН ИНДАКТИВ,https://hh.ru/vacancy/44817767,hh.ru
184,Инженер,,,none,none,ООО Холод,https://hh.ru/vacancy/45478209,hh.ru
185,Инженер РЗА,,84452.0,руб.,gross,ООО ВТК-инвест,https://hh.ru/vacancy/44822318,hh.ru
186,Инженер по оборудованию/инженер по автоматизации (инженер-электронщик),40000.0,50000.0,руб.,net,Альтернатива,https://hh.ru/vacancy/44953858,hh.ru
187,Сервисный инженер / Инженер ОВиК,70000.0,,руб.,net,"СЕВЕРО-ЗАПАД, промышленная группа",https://hh.ru/vacancy/45216184,hh.ru
188,Инженер-технолог,110000.0,,руб.,net,ООО ПромХимПусконаладка,https://hh.ru/vacancy/45324377,hh.ru
189,Инженер по наладке и испытаниям,37000.0,,руб.,net,ООО Тюмень Прибор,https://hh.ru/vacancy/45047993,hh.ru
190,Инженер,70000.0,,руб.,net,ООО Компания Промэлектронсервис,https://hh.ru/vacancy/44880968,hh.ru
191,Инженер (старший инженер),,,none,none,ООО Энерго,https://hh.ru/vacancy/44800995,hh.ru
192,Инженер,,,none,none,ООО Эковентмонтаж,https://hh.ru/vacancy/45477361,hh.ru
193,Инженер,55000.0,65000.0,руб.,net,ООО Фастлэнд,https://hh.ru/vacancy/44746001,hh.ru
194,Инженер ОТК по испытаниям,70000.0,,руб.,net,ООО НПО Экосистема,https://hh.ru/vacancy/45479995,hh.ru
195,Инженер (ведущий инженер),,,none,none,Филиал ФГУП Охрана Росгвардии по Костромской области,https://hh.ru/vacancy/42610528,hh.ru
196,Инженер пусконаладочных работ,50000.0,,руб.,gross,Группа Компаний Стилсофт,https://hh.ru/vacancy/45081354,hh.ru
197,Инженер (20-168),,,none,none,АО Радар ММС,https://hh.ru/vacancy/43839834,hh.ru
198,Инженер ПНР,,,none,none,ООО НПП АММА,https://hh.ru/vacancy/44823958,hh.ru
199,Инженер,60000.0,,руб.,net,ООО Налиан Инвест,https://hh.ru/vacancy/45568403,hh.ru
